Thumbnail,Time
https://www.youtube.com/watch?v=5KWSw7M8PwQ,"3 hours, 12 minutes, 28 seconds"
https://www.youtube.com/watch?v=BchbA-csD3o,"25 minutes, 22 seconds"
https://www.youtube.com/watch?v=_29TUrrMBfg,"14 minutes, 21 seconds"
https://www.youtube.com/watch?v=IqqTk_7LtZE,"27 minutes, 43 seconds"
https://www.youtube.com/watch?v=22DSZ9J8IkE,"11 minutes, 34 seconds"
https://www.youtube.com/watch?v=X-k6k6QjGl8,"14 minutes, 24 seconds"
https://www.youtube.com/watch?v=Cyt1ubZD_sc,"2 minutes, 3 seconds"
https://www.youtube.com/watch?v=qV8grsmwPlw,"27 minutes, 11 seconds"
https://www.youtube.com/watch?v=M4nY_2oDr38,"4 minutes, 42 seconds"
https://www.youtube.com/watch?v=1Ip8_jJpFWo,"1 minute, 35 seconds"
https://www.youtube.com/watch?v=GK_Og89POiY,2 minutes
https://www.youtube.com/watch?v=WsZkbs-amKw,"10 minutes, 39 seconds"
https://www.youtube.com/watch?v=alhScZiZVq4,"2 minutes, 30 seconds"
https://www.youtube.com/watch?v=H9vizy8_YtQ,"13 minutes, 44 seconds"
https://www.youtube.com/watch?v=asI8QTwISX4,"14 minutes, 44 seconds"
https://www.youtube.com/watch?v=kHxxnSMegE8,"2 minutes, 3 seconds"
https://www.youtube.com/watch?v=FC_4iYs8Hh4,"1 hour, 55 minutes, 19 seconds"
https://www.youtube.com/watch?v=NCSdVH6vGHs,"1 minute, 49 seconds"
https://www.youtube.com/watch?v=yiqAhCd9nr4,"1 minute, 36 seconds"
https://www.youtube.com/watch?v=_rHEPNfTIa4,"15 minutes, 7 seconds"
https://www.youtube.com/watch?v=vGAGwoyERWU,"29 minutes, 44 seconds"
https://www.youtube.com/watch?v=hRHsnv3ergA,"2 minutes, 33 seconds"
https://www.youtube.com/watch?v=_asaEZ--9Y4,"12 minutes, 46 seconds"
https://www.youtube.com/watch?v=lTB3eo5Ggo8,"29 minutes, 45 seconds"
https://www.youtube.com/watch?v=2B1FgL-GkAI,"28 minutes, 17 seconds"
https://www.youtube.com/watch?v=yhDJJ7WW768,"10 minutes, 44 seconds"
https://www.youtube.com/watch?v=e4GMT_k709Q,"12 minutes, 32 seconds"
https://www.youtube.com/watch?v=Lekx9dvSSLs,27 seconds
https://www.youtube.com/watch?v=YsIdmdPYQsc,"7 minutes, 6 seconds"
https://www.youtube.com/watch?v=cZnsS84AWRY,"15 minutes, 2 seconds"
https://www.youtube.com/watch?v=vcNIsG1wUtk,"18 minutes, 59 seconds"
https://www.youtube.com/watch?v=WcJAMz_wPis,"2 hours, 28 minutes, 27 seconds"
https://www.youtube.com/watch?v=Z5j4vHk9WYU,"2 minutes, 56 seconds"
https://www.youtube.com/watch?v=tym4xHXCyFo,"15 minutes, 23 seconds"
https://www.youtube.com/watch?v=mNsMsp6MU3s,"1 hour, 39 minutes, 19 seconds"
https://www.youtube.com/watch?v=F79ZP1xNDEk,"4 hours, 30 minutes, 30 seconds"
https://www.youtube.com/watch?v=fG4mhtMeiZw,"27 minutes, 19 seconds"
https://www.youtube.com/watch?v=4cBvc9O5wG8,"1 hour, 28 seconds"
https://www.youtube.com/watch?v=-e7ya65ffF8,"10 minutes, 6 seconds"
https://www.youtube.com/watch?v=LUic7tXQYv8,"14 minutes, 53 seconds"
https://www.youtube.com/watch?v=nU3v-ylWQQg,"18 minutes, 21 seconds"
https://www.youtube.com/watch?v=-BxLRYwrvo8,"59 minutes, 5 seconds"
https://www.youtube.com/watch?v=IZpd1ByKYjs,1 minute
https://www.youtube.com/watch?v=ue_KNsyY9m4,"1 minute, 25 seconds"
https://www.youtube.com/watch?v=-P-J1IWd7x8,"15 minutes, 27 seconds"
https://www.youtube.com/watch?v=DGuFTUPXwhc,"12 minutes, 10 seconds"
https://www.youtube.com/watch?v=TTDzTCHQMo8,"7 minutes, 52 seconds"
https://www.youtube.com/watch?v=Ft1lA4JvT8I,"2 hours, 42 minutes, 20 seconds"
https://www.youtube.com/watch?v=M6eMMg5eJYE,"16 minutes, 27 seconds"
https://www.youtube.com/watch?v=hoMEkbgCU8o,"9 minutes, 16 seconds"
https://www.youtube.com/watch?v=cqtymgNiQ3A,"10 minutes, 24 seconds"
https://www.youtube.com/watch?v=hD1mU_-jgc0,2 minutes
https://www.youtube.com/watch?v=hW3ULIBPuOs,"29 minutes, 39 seconds"
https://www.youtube.com/watch?v=-LQSPzj59hE,"9 minutes, 30 seconds"
https://www.youtube.com/watch?v=ygw-nkKqVZ4,"1 hour, 50 minutes, 55 seconds"
https://www.youtube.com/watch?v=bOnGxDvdTp0,"3 minutes, 39 seconds"
https://www.youtube.com/watch?v=uhGwHoZvO8M,"2 minutes, 1 second"
https://www.youtube.com/watch?v=4_2wd7Ezr-0,"2 hours, 22 minutes, 20 seconds"
https://www.youtube.com/watch?v=d3FUsMTcJ74,"13 minutes, 2 seconds"
https://www.youtube.com/watch?v=vBeKnlQR4Eo,"26 minutes, 25 seconds"
https://www.youtube.com/watch?v=jICQVNp2ELM,"1 hour, 7 minutes, 5 seconds"
https://www.youtube.com/watch?v=tO4j532gIT8,"2 hours, 37 minutes, 50 seconds"
https://www.youtube.com/watch?v=TGKI5kMjyOo,"6 minutes, 52 seconds"
https://www.youtube.com/watch?v=uFLpx4sA5rI,"14 minutes, 58 seconds"
https://www.youtube.com/watch?v=dWOKUab6e9M,"17 minutes, 46 seconds"
https://www.youtube.com/watch?v=8LyFkLS_5TA,"3 hours, 26 minutes, 38 seconds"
https://www.youtube.com/watch?v=0uU0mFVAyiY,"1 minute, 12 seconds"
https://www.youtube.com/watch?v=FP8CAfwgdn8,"2 minutes, 13 seconds"
https://www.youtube.com/watch?v=EL09y7HEthM,"13 minutes, 13 seconds"
https://www.youtube.com/watch?v=xoK6xX8Vjig,"1 hour, 52 minutes, 3 seconds"
https://www.youtube.com/watch?v=rOB7Z2NrSFM,"10 hours, 7 minutes, 14 seconds"
https://www.youtube.com/watch?v=ZLu0YThksZc,"11 minutes, 44 seconds"
https://www.youtube.com/watch?v=-G4VATTd7Lk,"2 minutes, 13 seconds"
https://www.youtube.com/watch?v=OiMaJEnofJY,"2 hours, 37 minutes, 48 seconds"
https://www.youtube.com/watch?v=na2It5Ltj50,"2 minutes, 53 seconds"
https://www.youtube.com/watch?v=IADxE1CfAYY,"6 minutes, 43 seconds"
https://www.youtube.com/watch?v=bsqZD7Lnim8,"9 minutes, 30 seconds"
https://www.youtube.com/watch?v=dUVr8TS6xnU,"1 hour, 28 minutes, 4 seconds"
https://www.youtube.com/watch?v=CHOyZX9MMt8,"1 hour, 55 minutes, 47 seconds"
https://www.youtube.com/watch?v=-hovCl7I4PE,"10 minutes, 30 seconds"
https://www.youtube.com/watch?v=Xb8hudiOqvc,"40 minutes, 58 seconds"
https://www.youtube.com/watch?v=VsVN0HOl2BA,"11 minutes, 7 seconds"
https://www.youtube.com/watch?v=tClS4MpuCQA,"3 minutes, 11 seconds"
https://www.youtube.com/watch?v=S_En81sNC1g,"6 minutes, 27 seconds"
https://www.youtube.com/watch?v=ZhEHNu3UUeo,"11 minutes, 14 seconds"
https://www.youtube.com/watch?v=_1uSljL0_PE,"10 minutes, 1 second"
https://www.youtube.com/watch?v=JhMDkLVL-2o,"25 minutes, 21 seconds"
https://www.youtube.com/watch?v=XrBh5yy0bPI,"21 minutes, 8 seconds"
https://www.youtube.com/watch?v=fmxZguBGBGU,"14 minutes, 57 seconds"
https://www.youtube.com/watch?v=GQdjV47hhrM,"14 minutes, 22 seconds"
https://www.youtube.com/watch?v=ip-hur9pCQE,"4 minutes, 42 seconds"
https://www.youtube.com/watch?v=x6l9qWL3zYI,"10 minutes, 59 seconds"
https://www.youtube.com/watch?v=82AOqX7oUh8,"1 hour, 48 minutes, 18 seconds"
https://www.youtube.com/watch?v=QC1bOGN-VcA,"20 minutes, 23 seconds"
https://www.youtube.com/watch?v=bmcsvKv1YnE,"16 minutes, 56 seconds"
https://www.youtube.com/watch?v=h588aWG10Mo,"3 hours, 31 minutes, 45 seconds"
https://www.youtube.com/watch?v=xr-XHs7IH3k,"25 minutes, 41 seconds"
https://www.youtube.com/watch?v=_2xbmdLVaao,"1 hour, 29 minutes, 12 seconds"
https://www.youtube.com/watch?v=1JFUN0G8HgY,"2 hours, 40 minutes, 28 seconds"
https://www.youtube.com/watch?v=k8T3MMyCBOw,55 seconds
https://www.youtube.com/watch?v=5YI8G_Cv7fA,"11 minutes, 35 seconds"
https://www.youtube.com/watch?v=4Ve_uPeNAUg,"2 hours, 26 minutes, 53 seconds"
https://www.youtube.com/watch?v=ePb6c3pRX_U,"11 minutes, 28 seconds"
https://www.youtube.com/watch?v=xJRvgb0bYmM,"23 minutes, 3 seconds"
https://www.youtube.com/watch?v=TZkGCNndKNY,"1 minute, 17 seconds"
https://www.youtube.com/watch?v=qhJ8ylPzrkA,"11 minutes, 14 seconds"
https://www.youtube.com/watch?v=H5Qp8Ij8k7U,"42 minutes, 53 seconds"
https://www.youtube.com/watch?v=jJljQx2YQ7s,58 seconds
https://www.youtube.com/watch?v=nX2PphUEjsM,"12 minutes, 12 seconds"
https://www.youtube.com/watch?v=M66KoGIEh8o,"36 minutes, 37 seconds"
https://www.youtube.com/watch?v=3pTr_fK3__c,"1 hour, 45 minutes, 17 seconds"
https://www.youtube.com/watch?v=pSM5Gt875WU,44 seconds
https://www.youtube.com/watch?v=66I2FRVsBbQ,"4 minutes, 13 seconds"
https://www.youtube.com/watch?v=GCtqf1ip0oM,"4 minutes, 19 seconds"
https://www.youtube.com/watch?v=ijss8yGEM68,"1 hour, 53 minutes, 4 seconds"
https://www.youtube.com/watch?v=CvzRVbShN58,"7 minutes, 54 seconds"
https://www.youtube.com/watch?v=6ZR6O3bdBbE,"24 minutes, 37 seconds"
https://www.youtube.com/watch?v=RrOqYPLJHac,"2 minutes, 8 seconds"
https://www.youtube.com/watch?v=_yxvbgW27Y8,"9 minutes, 41 seconds"
https://www.youtube.com/watch?v=zJqzvXm0nBo,"13 minutes, 43 seconds"
https://www.youtube.com/watch?v=ofxvmMVT7FM,"20 minutes, 29 seconds"
https://www.youtube.com/watch?v=i077jwG0bt4,"8 minutes, 20 seconds"
https://www.youtube.com/watch?v=Ljs5XQ8XumI,"30 minutes, 10 seconds"
https://www.youtube.com/watch?v=-Pk9XpFGAFk,"3 minutes, 42 seconds"
https://www.youtube.com/watch?v=N0S0MlXmjXo,"13 minutes, 11 seconds"
https://www.youtube.com/watch?v=a68ODVPCGs4,"14 minutes, 14 seconds"
https://www.youtube.com/watch?v=7lE7NUqz-Gk,"19 minutes, 59 seconds"
https://www.youtube.com/watch?v=Rz0Hb4PgDF0,"12 minutes, 20 seconds"
https://www.youtube.com/watch?v=9jA-Q2qAyBU,"10 minutes, 27 seconds"
https://www.youtube.com/watch?v=R0SUq_QNwtM,"1 hour, 47 minutes, 28 seconds"
https://www.youtube.com/watch?v=-D2WUI78m_Q,"14 minutes, 41 seconds"
https://www.youtube.com/watch?v=BATUL_47cdY,"1 hour, 51 minutes, 28 seconds"
https://www.youtube.com/watch?v=YkDwWzTsWQM,"3 minutes, 9 seconds"
https://www.youtube.com/watch?v=t57f995W9dY,"12 minutes, 19 seconds"
https://www.youtube.com/watch?v=WqefQrzYjaM,"53 minutes, 37 seconds"
https://www.youtube.com/watch?v=teVkbqEJVIs,"7 minutes, 53 seconds"
https://www.youtube.com/watch?v=vUccYUPCwFs,"4 minutes, 39 seconds"
https://www.youtube.com/watch?v=jfJhLjJYtZ0,"14 minutes, 44 seconds"
https://www.youtube.com/watch?v=xXdVMmrmc-M,"10 minutes, 29 seconds"
https://www.youtube.com/watch?v=7SBsE4KM7ms,"19 minutes, 56 seconds"
https://www.youtube.com/watch?v=lB7HHpCqgWA,"4 minutes, 34 seconds"
https://www.youtube.com/watch?v=pYPzI5oI8bM,"2 minutes, 8 seconds"
https://www.youtube.com/watch?v=8SlW1lAoSxo,"2 hours, 12 minutes, 11 seconds"
https://www.youtube.com/watch?v=3t6tkBHJQfU,"5 minutes, 53 seconds"
https://www.youtube.com/watch?v=XZ1kn6zBIq0,"10 minutes, 18 seconds"
https://www.youtube.com/watch?v=-z2eLhmkj2I,"2 hours, 2 minutes, 52 seconds"
https://www.youtube.com/watch?v=3wf_0-llTe0,"1 minute, 22 seconds"
https://www.youtube.com/watch?v=4CN0m8G_kcQ,"9 minutes, 30 seconds"
https://www.youtube.com/watch?v=LgPMFhyt6aQ,"12 minutes, 52 seconds"
https://www.youtube.com/watch?v=r2QPdDmZzmY,37 seconds
https://www.youtube.com/watch?v=gC4vVNyGSuI,"8 minutes, 43 seconds"
https://www.youtube.com/watch?v=Bilb5i7tCk0,"1 minute, 56 seconds"
https://www.youtube.com/watch?v=Rc77VYEoELI,"1 hour, 46 minutes, 48 seconds"
https://www.youtube.com/watch?v=ZB1pAO7nyuo,"32 minutes, 38 seconds"
https://www.youtube.com/watch?v=ihHjhv-61uc,40 seconds
https://www.youtube.com/watch?v=s6FgkB-NzM8,"14 minutes, 2 seconds"
https://www.youtube.com/watch?v=KA6polzbNkc,"20 minutes, 2 seconds"
https://www.youtube.com/watch?v=nqQp5J6sQBE,"10 minutes, 32 seconds"
https://www.youtube.com/watch?v=LjkP6dSM2Kc,"29 minutes, 22 seconds"
https://www.youtube.com/watch?v=KIFxug6A96I,"1 minute, 10 seconds"
https://www.youtube.com/watch?v=7Y1PWXKQ9CY,"10 hours, 11 minutes, 27 seconds"
https://www.youtube.com/watch?v=DFsb7Nwj3dI,"16 minutes, 21 seconds"
https://www.youtube.com/watch?v=4Gj2u6PZ-qk,18 seconds
https://www.youtube.com/watch?v=Tka5ex2EAs0,"12 minutes, 16 seconds"
https://www.youtube.com/watch?v=XqSPj8RNT9A,"8 minutes, 7 seconds"
https://www.youtube.com/watch?v=uPSipenlAFw,"16 minutes, 10 seconds"
https://www.youtube.com/watch?v=Y-RJDPhywoY,"1 hour, 41 minutes, 31 seconds"
https://www.youtube.com/watch?v=x9gNBC5uwb0,"1 hour, 3 minutes, 18 seconds"
https://www.youtube.com/watch?v=7zX7bAzThvM,"12 minutes, 16 seconds"
https://www.youtube.com/watch?v=4hgGkzdpk9E,"8 minutes, 29 seconds"
https://www.youtube.com/watch?v=rsQgf8ySrmc,"2 hours, 30 minutes, 2 seconds"
https://www.youtube.com/shorts/dRPNV87jLjg,Shorts
https://www.youtube.com/watch?v=Ne7hTnAbeAM,"1 hour, 8 minutes, 39 seconds"
https://www.youtube.com/watch?v=qS4x4T7RkOo,"10 minutes, 36 seconds"
https://www.youtube.com/watch?v=AJhnqPGzBHE,"1 hour, 50 minutes, 23 seconds"
https://www.youtube.com/watch?v=rtsiZN6oCZM,"33 minutes, 32 seconds"
https://www.youtube.com/watch?v=_9ywpbNTBAA,"11 minutes, 5 seconds"
https://www.youtube.com/watch?v=uadq6YDbhhY,47 seconds
https://www.youtube.com/watch?v=JQ549PjqMwA,"9 minutes, 7 seconds"
https://www.youtube.com/watch?v=u-e3GJUWfPc,"11 minutes, 9 seconds"
https://www.youtube.com/watch?v=oIpP-TwgTg8,"6 minutes, 38 seconds"
https://www.youtube.com/watch?v=kEPt8wE1QJo,31 seconds
https://www.youtube.com/watch?v=7wWOrZvpvM0,"6 minutes, 15 seconds"
https://www.youtube.com/watch?v=3XiM-eBsppg,"10 minutes, 1 second"
https://www.youtube.com/watch?v=vZAFvCUkSYA,"1 minute, 17 seconds"
https://www.youtube.com/watch?v=3HdeBUZnkkY,"3 minutes, 24 seconds"
https://www.youtube.com/shorts/F03AIh6TJYw,Shorts
https://www.youtube.com/watch?v=agP1fnOaCVg,"25 minutes, 48 seconds"
https://www.youtube.com/watch?v=vES3FT0AKOE,"21 minutes, 8 seconds"
https://www.youtube.com/watch?v=dmRExxzI8RY,"10 minutes, 33 seconds"
https://www.youtube.com/watch?v=3K8zw7psz1E,"14 minutes, 27 seconds"
https://www.youtube.com/watch?v=XstTeYtdfzg,"2 minutes, 33 seconds"
https://www.youtube.com/watch?v=4-IyhVm2J0c,"10 hours, 18 minutes, 33 seconds"
https://www.youtube.com/watch?v=TG5n3T249Ns,"3 minutes, 10 seconds"
https://www.youtube.com/watch?v=3aTm0SSTEwI,"13 minutes, 20 seconds"
https://www.youtube.com/watch?v=bbERmhDv_Wc,"12 minutes, 11 seconds"
https://www.youtube.com/watch?v=05bqR_KVfAE,"18 minutes, 27 seconds"
https://www.youtube.com/watch?v=9nZVgpjay9Y,"1 hour, 51 minutes, 40 seconds"
https://www.youtube.com/watch?v=P-pL_kjIw8k,"13 minutes, 56 seconds"
https://www.youtube.com/watch?v=Tkf6PqITuBA,"2 minutes, 43 seconds"
https://www.youtube.com/watch?v=oiY7kAsQiyc,44 seconds
https://www.youtube.com/watch?v=rG-YSCk0DEw,"23 minutes, 32 seconds"
https://www.youtube.com/watch?v=PqUsicKlE24,"2 minutes, 2 seconds"
https://www.youtube.com/watch?v=3RlfYSP0_F0,4 minutes
https://www.youtube.com/watch?v=HHFMHHCEk1w,"1 hour, 53 minutes, 25 seconds"
https://www.youtube.com/watch?v=tEaHTGzUaZc,"3 minutes, 49 seconds"
https://www.youtube.com/watch?v=OU1KPzqgCXM,"2 minutes, 21 seconds"
https://www.youtube.com/watch?v=u4VUL0OP0MY,"1 minute, 42 seconds"
https://www.youtube.com/watch?v=2hyg4j7Bq6A,"3 hours, 42 minutes, 42 seconds"
https://www.youtube.com/watch?v=pUZ95DUf6vY,"11 minutes, 23 seconds"
https://www.youtube.com/watch?v=98Al6WCuE5w,"2 hours, 31 minutes, 9 seconds"
https://www.youtube.com/watch?v=aM9tZE4qxLg,"11 minutes, 52 seconds"
https://www.youtube.com/watch?v=GC5V67k0TAA,"2 minutes, 21 seconds"
https://www.youtube.com/watch?v=GE69o9WI_cA,"2 hours, 33 minutes, 17 seconds"
https://www.youtube.com/watch?v=vHAAmMB63r8,"1 hour, 50 minutes, 24 seconds"
https://www.youtube.com/watch?v=JuWPZj3-O5w,"2 hours, 11 minutes, 55 seconds"
https://www.youtube.com/watch?v=Wc4nk4iTfp4,"8 minutes, 2 seconds"
https://www.youtube.com/watch?v=jbRh2jrH2hg,"1 minute, 39 seconds"
https://www.youtube.com/watch?v=lcT3G1dfbxI,"14 minutes, 17 seconds"
https://www.youtube.com/watch?v=OzUssdsYUuo,"4 minutes, 49 seconds"
https://www.youtube.com/watch?v=2rypZ4e9xiM,"14 minutes, 5 seconds"
https://www.youtube.com/watch?v=pKU9nkq2jFk,"1 hour, 31 minutes, 26 seconds"
https://www.youtube.com/watch?v=coK-Q9vnlBs,"30 minutes, 22 seconds"
https://www.youtube.com/watch?v=iahMTdB7nLk,"9 minutes, 52 seconds"
https://www.youtube.com/watch?v=UAWoLTiihQ8,"17 minutes, 30 seconds"
https://www.youtube.com/watch?v=yw5dzrrXhHg,"25 minutes, 26 seconds"
https://www.youtube.com/watch?v=0h2KCxNbC3w,"2 minutes, 54 seconds"
https://www.youtube.com/watch?v=X_OvRuFx1S8,"1 hour, 4 minutes, 40 seconds"
https://www.youtube.com/watch?v=QFme19bqRh8,"12 minutes, 55 seconds"
https://www.youtube.com/watch?v=NDQk_ACFATc,"1 minute, 24 seconds"
https://www.youtube.com/watch?v=MGv_E9XMo5Q,"2 minutes, 1 second"
https://www.youtube.com/watch?v=T6AGu6v2Jh0,"2 hours, 11 minutes, 16 seconds"
https://www.youtube.com/watch?v=wpAyoiSC1RI,"13 minutes, 15 seconds"
https://www.youtube.com/watch?v=QdKtIZA9nuQ,"8 minutes, 33 seconds"
https://www.youtube.com/watch?v=hW1oR8-pHhM,"9 minutes, 21 seconds"
https://www.youtube.com/watch?v=thFgKVHHntg,"13 minutes, 28 seconds"
https://www.youtube.com/watch?v=J9cKkBe2KRE,"1 minute, 8 seconds"
https://www.youtube.com/watch?v=eULS74rQIrE,"42 minutes, 25 seconds"
https://www.youtube.com/watch?v=bNvzf-JP7m0,"24 minutes, 28 seconds"
https://www.youtube.com/watch?v=uF-7cjjruio,"13 minutes, 38 seconds"
https://www.youtube.com/watch?v=oUQAYc6-dQ0,"15 minutes, 45 seconds"
https://www.youtube.com/watch?v=b7RiDR5L8kQ,"5 minutes, 7 seconds"
https://www.youtube.com/watch?v=u9gK8qDhz5U,"4 minutes, 59 seconds"
https://www.youtube.com/watch?v=-II2FTAz2Do,"1 minute, 11 seconds"
https://www.youtube.com/watch?v=n3pAsNXuXoU,"3 minutes, 4 seconds"
https://www.youtube.com/watch?v=ez42FAgkJC8,"8 minutes, 16 seconds"
https://www.youtube.com/watch?v=Lb8nJ8JqD0Y,"9 minutes, 7 seconds"
https://www.youtube.com/watch?v=sUmaiah-T88,"6 minutes, 19 seconds"
https://www.youtube.com/watch?v=j41uR1sjV_U,"2 hours, 12 seconds"
https://www.youtube.com/watch?v=QE4Os8sAmWQ,"1 hour, 15 minutes, 30 seconds"
https://www.youtube.com/watch?v=8GJkQ2S4eRw,"9 minutes, 51 seconds"
https://www.youtube.com/watch?v=BUZP4Jnr02w,"13 minutes, 26 seconds"
https://www.youtube.com/watch?v=RjuH5Id9IwU,"9 minutes, 59 seconds"
https://www.youtube.com/watch?v=_v-LcouxGqs,"17 minutes, 56 seconds"
https://www.youtube.com/watch?v=LJ5lqBkkq_4,"19 minutes, 18 seconds"
https://www.youtube.com/watch?v=tgrL_r8AUZ0,"15 minutes, 45 seconds"
https://www.youtube.com/watch?v=yB6V4qDmhVs,"12 minutes, 12 seconds"
https://www.youtube.com/watch?v=KVLWttEVnnY,28 minutes
https://www.youtube.com/watch?v=T0qkFwizsiw,"24 minutes, 35 seconds"
https://www.youtube.com/watch?v=OkFrW5G0smE,45 seconds
https://www.youtube.com/watch?v=of3FjXGLYyM,"7 minutes, 58 seconds"
https://www.youtube.com/watch?v=Hx-R9tfw460,"10 minutes, 8 seconds"
https://www.youtube.com/watch?v=RtKQPwxbmNU,"11 minutes, 37 seconds"
https://www.youtube.com/watch?v=mURocY7yNaw,47 seconds
https://www.youtube.com/watch?v=znGmL2yr5hU,"1 minute, 48 seconds"
https://www.youtube.com/watch?v=Q37ml4XSAIE,"1 minute, 29 seconds"
https://www.youtube.com/watch?v=aKqxfCv5i9c,"3 minutes, 23 seconds"
https://www.youtube.com/watch?v=FFueAS5OpDA,"1 hour, 32 minutes"
https://www.youtube.com/watch?v=vMnljv7Sq_s,"4 minutes, 58 seconds"
https://www.youtube.com/watch?v=t7ZR4lFPTmc,"2 minutes, 19 seconds"
https://www.youtube.com/watch?v=Jf2-50x-iac,"33 minutes, 38 seconds"
https://www.youtube.com/watch?v=CRgQjSb-zrA,"2 minutes, 36 seconds"
https://www.youtube.com/watch?v=wf22bLdVLEU,"8 minutes, 17 seconds"
https://www.youtube.com/watch?v=7JSz2TgZ6RY,"7 minutes, 22 seconds"
https://www.youtube.com/watch?v=oUTJantpLio,"17 minutes, 11 seconds"
https://www.youtube.com/watch?v=Pw7W7Ej0iWw,"18 minutes, 32 seconds"
https://www.youtube.com/watch?v=uom-D3f_quI,"14 minutes, 9 seconds"
https://www.youtube.com/watch?v=2hVKj657u5k,"9 minutes, 30 seconds"
https://www.youtube.com/watch?v=QhtOzPFXOIg,"9 minutes, 35 seconds"
https://www.youtube.com/watch?v=6Oi1oWcDXOU,"5 minutes, 35 seconds"
https://www.youtube.com/watch?v=yghY82CA-G0,"7 minutes, 34 seconds"
https://www.youtube.com/watch?v=I78oPQ9F6tM,"8 minutes, 12 seconds"
https://www.youtube.com/watch?v=c38xQUja4Fk,"25 minutes, 50 seconds"
https://www.youtube.com/watch?v=5MblOtwSBKY,"1 minute, 37 seconds"
https://www.youtube.com/watch?v=x-4olvHOeGg,"13 minutes, 15 seconds"
https://www.youtube.com/watch?v=5Zb54SYLCMU,"6 minutes, 17 seconds"
https://www.youtube.com/watch?v=wI7-SdfiNGc,"13 minutes, 35 seconds"
https://www.youtube.com/watch?v=OxiHqTdY-kM,"11 minutes, 2 seconds"
https://www.youtube.com/watch?v=Eoh9lyHUfR8,"7 minutes, 3 seconds"
https://www.youtube.com/watch?v=0hIxwNUZJUY,"8 minutes, 33 seconds"
https://www.youtube.com/watch?v=TEHmxaLfrNc,"1 minute, 47 seconds"
https://www.youtube.com/watch?v=BInE096UySA,"1 hour, 25 minutes, 29 seconds"
https://www.youtube.com/watch?v=E7_UIq6YqTc,"13 minutes, 45 seconds"
https://www.youtube.com/watch?v=53onI-PpUrU,"1 minute, 30 seconds"
https://www.youtube.com/watch?v=oyvM_-jPYxA,"14 minutes, 9 seconds"
https://www.youtube.com/watch?v=8nTOUCRIIW0,"3 minutes, 28 seconds"
https://www.youtube.com/watch?v=Hb49dPpoi-s,"13 minutes, 18 seconds"
https://www.youtube.com/watch?v=Ju7T8vcTW1Y,"58 minutes, 56 seconds"
https://www.youtube.com/watch?v=InAZG-i4JTA,"9 hours, 30 minutes, 49 seconds"
https://www.youtube.com/watch?v=JeXxnuMqZ2Y,"1 minute, 58 seconds"
https://www.youtube.com/watch?v=Gm8ZC0EYCOQ,"19 minutes, 16 seconds"
https://www.youtube.com/watch?v=ptViA6SKUk8,"3 minutes, 28 seconds"
https://www.youtube.com/watch?v=IBW-DcRoJuc,"2 minutes, 55 seconds"
https://www.youtube.com/watch?v=IeV76QtDvWI,"5 minutes, 20 seconds"
https://www.youtube.com/watch?v=yOA15Foh_Sc,"3 minutes, 12 seconds"
https://www.youtube.com/watch?v=wtMedtq6uu8,"7 minutes, 51 seconds"
https://www.youtube.com/watch?v=7aS9KrOWhts,"1 hour, 33 minutes, 44 seconds"
https://www.youtube.com/watch?v=2zVRo0TKicA,"11 minutes, 38 seconds"
https://www.youtube.com/watch?v=qXBULnKViTA,"7 minutes, 24 seconds"
https://www.youtube.com/watch?v=FERdQgILOQ0,"1 hour, 4 minutes, 12 seconds"
https://www.youtube.com/watch?v=BsjgqHiwgZg,"3 minutes, 21 seconds"
https://www.youtube.com/watch?v=bA6Wm3a6mW4,"9 hours, 12 minutes, 49 seconds"
https://www.youtube.com/watch?v=c86zvPFXfEY,"1 hour, 27 minutes, 54 seconds"
https://www.youtube.com/watch?v=U29j3iAVpEc,"1 minute, 3 seconds"
https://www.youtube.com/watch?v=r6a4oLArApM,"5 minutes, 21 seconds"
https://www.youtube.com/watch?v=QcVzU0zOeDA,"9 minutes, 35 seconds"
https://www.youtube.com/watch?v=rsh-9VMB81M,"8 minutes, 55 seconds"
https://www.youtube.com/watch?v=cF2dVaGr6do,"13 minutes, 31 seconds"
https://www.youtube.com/watch?v=_efz6qxT5Q4,"11 minutes, 41 seconds"
https://www.youtube.com/watch?v=KSjSXUQkvyk,"16 minutes, 54 seconds"
https://www.youtube.com/watch?v=3FX0oKSXjd4,"5 minutes, 35 seconds"
https://www.youtube.com/watch?v=0hIxwNUZJUY,"8 minutes, 33 seconds"
https://www.youtube.com/watch?v=g-O4xa4crR0,"30 minutes, 58 seconds"
https://www.youtube.com/watch?v=WK9phtu7fZQ,"9 minutes, 33 seconds"
https://www.youtube.com/watch?v=6Jb8uRKPgBY,"8 minutes, 55 seconds"
https://www.youtube.com/watch?v=NGUVjYjyE6g,"12 minutes, 34 seconds"
https://www.youtube.com/watch?v=PcQqzj9JEQc,"3 minutes, 48 seconds"
https://www.youtube.com/watch?v=2nCriwilhmE,"4 minutes, 44 seconds"
https://www.youtube.com/watch?v=2zzEo183kwU,"1 hour, 31 minutes, 2 seconds"
https://www.youtube.com/watch?v=h2UjW-l29AU,"23 minutes, 41 seconds"
https://www.youtube.com/watch?v=E_iK_FWWz_I,"19 minutes, 38 seconds"
https://www.youtube.com/watch?v=3V4sLLW6zOI,"17 minutes, 6 seconds"
https://www.youtube.com/watch?v=zNw3FzQlY2A,"10 hours, 36 minutes, 9 seconds"
https://www.youtube.com/watch?v=DW3edHCsdWg,"11 minutes, 17 seconds"
https://www.youtube.com/watch?v=j33_HwXMJ08,"5 hours, 17 minutes, 6 seconds"
https://www.youtube.com/watch?v=aG5D0HbKxe4,"3 minutes, 37 seconds"
https://www.youtube.com/watch?v=DxgZXgN4zD8,"2 minutes, 21 seconds"
https://www.youtube.com/watch?v=prGJokDPrO8,"2 hours, 56 minutes, 41 seconds"
https://www.youtube.com/watch?v=RZlPRpeayXU,"19 minutes, 44 seconds"
https://www.youtube.com/watch?v=wCkT50PU6BY,"1 minute, 51 seconds"
https://www.youtube.com/watch?v=TAlmcxLSXFQ,"13 minutes, 36 seconds"
https://www.youtube.com/watch?v=YGbv7wpqJCk,50 seconds
https://www.youtube.com/watch?v=YXjryCdIGG4,"2 minutes, 12 seconds"
https://www.youtube.com/watch?v=uZUDGONcXk0,"6 minutes, 14 seconds"
https://www.youtube.com/watch?v=kBe9i9dD2k4,"6 minutes, 20 seconds"
https://www.youtube.com/watch?v=JOtEpTiEi_w,"4 minutes, 35 seconds"
https://www.youtube.com/watch?v=z8T5N0jRaWU,"1 hour, 10 minutes, 46 seconds"
https://www.youtube.com/watch?v=vtF3QvQibps,"27 minutes, 43 seconds"
https://www.youtube.com/watch?v=1OMcf4nWihw,"10 minutes, 30 seconds"
https://www.youtube.com/watch?v=vrYP4n8OPYA,"9 minutes, 4 seconds"
https://www.youtube.com/watch?v=ACQZDFqbYoc,"14 minutes, 41 seconds"
https://www.youtube.com/watch?v=QBkaAbIMQL0,"8 minutes, 19 seconds"
https://www.youtube.com/watch?v=gjRjIn6vn1Q,"5 minutes, 55 seconds"
https://www.youtube.com/watch?v=UZogTKkOZFw,"3 minutes, 7 seconds"
https://www.youtube.com/watch?v=Uje-0BU7-F8,"18 minutes, 14 seconds"
https://www.youtube.com/watch?v=5MknNGdZy-U,"2 minutes, 18 seconds"
https://www.youtube.com/watch?v=NBGh2i_HC8k,33 seconds
https://www.youtube.com/watch?v=RZgHDj4z94w,"25 minutes, 24 seconds"
https://www.youtube.com/watch?v=ejESU1UJbyQ,"1 minute, 43 seconds"
https://www.youtube.com/watch?v=SgPGMu-J_5g,"12 minutes, 41 seconds"
https://www.youtube.com/watch?v=ut1agMy4UPs,"22 minutes, 8 seconds"
https://www.youtube.com/watch?v=VWolUAI3Skg,"17 minutes, 21 seconds"
https://www.youtube.com/watch?v=4Sq7EGgA31M,"6 minutes, 39 seconds"
https://www.youtube.com/watch?v=oaAcEkC6PzA,"34 minutes, 47 seconds"
https://www.youtube.com/watch?v=OJv5BOxJ9sk,"20 minutes, 24 seconds"
https://www.youtube.com/watch?v=2kj-OkqGRiU,"27 minutes, 17 seconds"
https://www.youtube.com/watch?v=5-RhITy5F3I,"10 minutes, 36 seconds"
https://www.youtube.com/watch?v=GIdSQhy_HWU,30 seconds
https://www.youtube.com/watch?v=22xk8ccEVqA,"10 minutes, 47 seconds"
https://www.youtube.com/watch?v=QegDxCJ6ivs,"6 minutes, 46 seconds"
https://www.youtube.com/watch?v=7hl7nki0IXU,"21 minutes, 6 seconds"
https://www.youtube.com/watch?v=k9U8weYeupg,"14 minutes, 56 seconds"
https://www.youtube.com/watch?v=8pzBgKvTOqU,"1 minute, 4 seconds"
https://www.youtube.com/watch?v=9diJgcevYyc,30 seconds
https://www.youtube.com/watch?v=mBDqPJgR78Y,"21 minutes, 58 seconds"
https://www.youtube.com/watch?v=hxOWc8Pfbcs,"33 minutes, 57 seconds"
https://www.youtube.com/watch?v=sO3sICd0yyo,"1 hour, 44 minutes, 22 seconds"
https://www.youtube.com/watch?v=fGOoyXo3-hQ,"2 hours, 1 minute, 1 second"
https://www.youtube.com/watch?v=FZTd5Ac40D0,"2 minutes, 4 seconds"
https://www.youtube.com/watch?v=ZorxW3x9-MQ,"7 minutes, 26 seconds"
https://www.youtube.com/watch?v=XlYmmqfIQ-0,"6 minutes, 51 seconds"
https://www.youtube.com/watch?v=Mf4mGN6BK2I,2 minutes
https://www.youtube.com/watch?v=O0vO6TAFjQk,"3 minutes, 35 seconds"
https://www.youtube.com/watch?v=D4mQp1WVZYQ,46 seconds
https://www.youtube.com/watch?v=ttrAwy6mdw0,"26 minutes, 20 seconds"
https://www.youtube.com/watch?v=bfCVSlazVEA,"3 minutes, 1 second"
https://www.youtube.com/watch?v=ebEwQlZHRGM,"21 minutes, 13 seconds"
https://www.youtube.com/watch?v=B7ZyjtzEAp4,"26 minutes, 12 seconds"
https://www.youtube.com/watch?v=CjmjNgbJh2Y,"15 minutes, 30 seconds"
https://www.youtube.com/watch?v=WsZkbs-amKw,"10 minutes, 39 seconds"
https://www.youtube.com/watch?v=9SqlYfMBVWU,"1 hour, 58 minutes, 5 seconds"
https://www.youtube.com/watch?v=X70Y1vzrRUM,"4 minutes, 27 seconds"
https://www.youtube.com/watch?v=D-HTeUcClys,"23 minutes, 12 seconds"
https://www.youtube.com/watch?v=bKhqajOWXsE,"22 minutes, 56 seconds"
https://www.youtube.com/watch?v=4re_Qcs7SXI,"6 minutes, 48 seconds"
https://www.youtube.com/watch?v=8iJMkHGKYq0,"11 minutes, 42 seconds"
https://www.youtube.com/watch?v=r0oeuL5Jfr8,"26 minutes, 31 seconds"
https://www.youtube.com/watch?v=dTz6qI0ebao,"5 minutes, 11 seconds"
https://www.youtube.com/watch?v=6wjJra-C5u4,"14 minutes, 2 seconds"
https://www.youtube.com/watch?v=sjyGEI6jYDU,"11 minutes, 16 seconds"
https://www.youtube.com/watch?v=ged4vUXURRw,"7 minutes, 58 seconds"
https://www.youtube.com/watch?v=scFeL3c1I5E,"14 minutes, 39 seconds"
https://www.youtube.com/watch?v=WCt-H9Y1KFM,"21 minutes, 8 seconds"
https://www.youtube.com/watch?v=HevMu7tMmBY,"27 minutes, 17 seconds"
https://www.youtube.com/watch?v=ScTKQ8HSi0w,"17 minutes, 25 seconds"
https://www.youtube.com/watch?v=waAoEeqwU8o,"2 hours, 49 minutes, 5 seconds"
https://www.youtube.com/watch?v=nircavjLtSQ,"10 minutes, 10 seconds"
https://www.youtube.com/watch?v=ra6miPRV30U,12 minutes
https://www.youtube.com/watch?v=7t-2EJnADts,"19 minutes, 56 seconds"
https://www.youtube.com/watch?v=VRDz_U5dyTc,"23 minutes, 43 seconds"
https://www.youtube.com/watch?v=KS7gL7B2f2k,"1 minute, 20 seconds"
https://www.youtube.com/watch?v=cFazKt6W3B8,"2 minutes, 22 seconds"
https://www.youtube.com/watch?v=YTLq498C9qs,"23 minutes, 8 seconds"
https://www.youtube.com/watch?v=LO0joy-zFNI,"1 minute, 51 seconds"
https://www.youtube.com/watch?v=9rgb48CMZtk,"13 minutes, 8 seconds"
https://www.youtube.com/watch?v=wPbPyMrviBg,"13 minutes, 19 seconds"
https://www.youtube.com/watch?v=BnfY10u6ZrM,"23 minutes, 32 seconds"
https://www.youtube.com/watch?v=FGg-4_tmvvA,"20 minutes, 10 seconds"
https://www.youtube.com/watch?v=a7VJf5ZOF8c,"12 minutes, 2 seconds"
https://www.youtube.com/watch?v=q1oaA9cFrJo,"15 minutes, 54 seconds"
https://www.youtube.com/watch?v=5puhwWBm6zw,"23 minutes, 20 seconds"
https://www.youtube.com/watch?v=HT31fp0weZ0,"11 minutes, 46 seconds"
https://www.youtube.com/shorts/LSjjD6igEQc,Shorts
https://www.youtube.com/watch?v=JCSYTzk16H8,"10 minutes, 48 seconds"
https://www.youtube.com/watch?v=DVIaPh636Xc,"6 minutes, 9 seconds"
https://www.youtube.com/watch?v=UAOBCfAEgPw,"16 minutes, 33 seconds"
https://www.youtube.com/watch?v=d2nBaBuaoxM,"41 minutes, 51 seconds"
https://www.youtube.com/watch?v=mj7_gftbZ60,"12 minutes, 24 seconds"
https://www.youtube.com/watch?v=VUuMZEVtnZc,"23 minutes, 7 seconds"
https://www.youtube.com/watch?v=IM0gWBOByRE,"18 minutes, 32 seconds"
https://www.youtube.com/watch?v=y_GFhMckj5g,"1 minute, 36 seconds"
https://www.youtube.com/watch?v=YSUMozkUFmQ,"16 minutes, 11 seconds"
https://www.youtube.com/watch?v=_8N8jdysHgU,"12 minutes, 31 seconds"
https://www.youtube.com/watch?v=ac5hs7za1is,"14 minutes, 16 seconds"
https://www.youtube.com/watch?v=X8rBxgaV8mI,"23 minutes, 40 seconds"
https://www.youtube.com/watch?v=P9nNFd52rLI,"30 minutes, 6 seconds"
https://www.youtube.com/watch?v=gg4Xau2c_YM,"24 minutes, 27 seconds"
https://www.youtube.com/watch?v=LVXMLki1PBY,"2 minutes, 3 seconds"
https://www.youtube.com/watch?v=1Ef69tamP24,"14 minutes, 44 seconds"
https://www.youtube.com/watch?v=vjlbCVBYquw,"13 minutes, 34 seconds"
https://www.youtube.com/watch?v=5uqVIkGEQww,"13 minutes, 54 seconds"
https://www.youtube.com/watch?v=ZTzWjjDiWxk,"16 minutes, 55 seconds"
https://www.youtube.com/watch?v=0agvi99ZrGw,"3 minutes, 25 seconds"
https://www.youtube.com/watch?v=gW_3INU2nak,"13 minutes, 57 seconds"
https://www.youtube.com/watch?v=nj1WnVh1XRE,25 minutes
https://www.youtube.com/shorts/klnmbJS7ukI,Shorts
https://www.youtube.com/watch?v=tgLLyWAsbSM,"27 minutes, 39 seconds"
https://www.youtube.com/watch?v=-JLBf5k92cA,18 minutes
https://www.youtube.com/watch?v=_La8cR9SzBs,12 minutes
https://www.youtube.com/watch?v=VIbWw---TJA,"11 minutes, 47 seconds"
https://www.youtube.com/watch?v=VuXfZpJqEI4,"3 minutes, 13 seconds"
https://www.youtube.com/watch?v=p8ClIapX8lw,"18 minutes, 1 second"
https://www.youtube.com/watch?v=_iWwxshXI7g,"1 hour, 40 minutes, 54 seconds"
https://www.youtube.com/watch?v=XRFk_ODIGx4,"48 minutes, 34 seconds"
https://www.youtube.com/watch?v=8mksn41c_us,"5 minutes, 14 seconds"
https://www.youtube.com/watch?v=JmPBKz3R038,"1 minute, 45 seconds"
https://www.youtube.com/watch?v=yp4Z65DXmOo,"10 minutes, 27 seconds"
https://www.youtube.com/watch?v=R2bMIDoq2rw,"12 minutes, 28 seconds"
https://www.youtube.com/watch?v=VRPXxHrgDnY,"11 minutes, 26 seconds"
https://www.youtube.com/watch?v=M7VD_-780lQ,"15 minutes, 31 seconds"
https://www.youtube.com/watch?v=gT2MqrlS1Ms,"15 minutes, 58 seconds"
https://www.youtube.com/watch?v=HoJWoMRVqeE,"12 minutes, 26 seconds"
https://www.youtube.com/watch?v=Uqbn7uaVcjA,"19 minutes, 2 seconds"
https://www.youtube.com/watch?v=8n_h5aZNXvw,"31 minutes, 31 seconds"
https://www.youtube.com/watch?v=4Ay3UgBJQ7M,17 minutes
https://www.youtube.com/watch?v=cT_QrF2kJNo,"6 minutes, 54 seconds"
https://www.youtube.com/watch?v=_4YwwkKqtSQ,"2 hours, 8 minutes, 7 seconds"
https://www.youtube.com/watch?v=WSqt62Nzrj0,"18 minutes, 11 seconds"
https://www.youtube.com/watch?v=yr2TTqaYM8w,"15 minutes, 26 seconds"
https://www.youtube.com/watch?v=-9hB5CBOhY4,"11 minutes, 4 seconds"
https://www.youtube.com/watch?v=-UeVhsQ3Cks,"2 minutes, 54 seconds"
https://www.youtube.com/watch?v=WLhxUsU5-NI,"19 minutes, 16 seconds"
https://www.youtube.com/watch?v=UYg1Y9nZoVw,"14 minutes, 55 seconds"
https://www.youtube.com/watch?v=GWFwDt1I1fQ,"2 minutes, 41 seconds"
https://www.youtube.com/watch?v=ogpfSpcGbVg,"10 minutes, 5 seconds"
https://www.youtube.com/watch?v=6XzQc1zOKF8,"22 minutes, 52 seconds"
https://www.youtube.com/watch?v=EIyXaA0dO4Y,"22 minutes, 33 seconds"
https://www.youtube.com/watch?v=8_cx1K8_Mms,"37 minutes, 31 seconds"
https://www.youtube.com/watch?v=ZZZSWIQOQw0,"1 minute, 9 seconds"
https://www.youtube.com/watch?v=0dl7LdPdBkg,"4 minutes, 46 seconds"
https://www.youtube.com/watch?v=knqJ4AqankY,"23 minutes, 37 seconds"
https://www.youtube.com/watch?v=60NJ6fqA63A,"14 minutes, 34 seconds"
https://www.youtube.com/watch?v=f799j-WcZec,"12 minutes, 45 seconds"
https://www.youtube.com/watch?v=Tss0d6KnHFo,"15 minutes, 26 seconds"
https://www.youtube.com/watch?v=SlzrE4ktbow,"30 minutes, 19 seconds"
https://www.youtube.com/watch?v=LRyNtvLRVkI,"17 minutes, 55 seconds"
https://www.youtube.com/watch?v=-j494tX5ZQM,"10 minutes, 51 seconds"
https://www.youtube.com/watch?v=XM-RmQsySBI,"18 minutes, 15 seconds"
https://www.youtube.com/watch?v=F0VsZQXOJwU,"3 minutes, 49 seconds"
https://www.youtube.com/watch?v=9lQXBg_6KFY,46 seconds
https://www.youtube.com/watch?v=OWdaHuXH3Xo,"10 minutes, 48 seconds"
https://www.youtube.com/watch?v=E2peAT_EkR4,"12 minutes, 16 seconds"
https://www.youtube.com/watch?v=qwVBq5pws6M,"14 minutes, 33 seconds"
https://www.youtube.com/watch?v=dAkTO-Q-au8,"14 minutes, 14 seconds"
https://www.youtube.com/watch?v=TGiw5O71-ns,29 seconds
https://www.youtube.com/watch?v=jC3wogWiQHQ,"11 hours, 5 minutes, 48 seconds"
https://www.youtube.com/watch?v=IJM8uWkbpJc,"14 minutes, 15 seconds"
https://www.youtube.com/watch?v=WLBcJYsjoto,"11 minutes, 13 seconds"
https://www.youtube.com/watch?v=oQOKzEs32Kc,"13 minutes, 13 seconds"
https://www.youtube.com/watch?v=t9nNnmNmieM,"17 minutes, 35 seconds"
https://www.youtube.com/watch?v=NWsu18zjHls,"31 minutes, 16 seconds"
https://www.youtube.com/watch?v=WOGGqSy3KoQ,"15 minutes, 22 seconds"
https://www.youtube.com/watch?v=hDc4wsjqUfE,"23 minutes, 33 seconds"
https://www.youtube.com/watch?v=_Adt9ZnN7uA,50 seconds
https://www.youtube.com/watch?v=g4uVOyX0UbE,"4 minutes, 48 seconds"
https://www.youtube.com/watch?v=TunlaM3d75w,"14 minutes, 5 seconds"
https://www.youtube.com/watch?v=6q3VXZBGFZw,"15 minutes, 16 seconds"
https://www.youtube.com/watch?v=gIISUasFxQs,"17 minutes, 49 seconds"
https://www.youtube.com/watch?v=QwDjE8vWmUo,"11 minutes, 32 seconds"
https://www.youtube.com/watch?v=sYo9v-4l0uI,4 minutes
https://www.youtube.com/watch?v=DkjvN_pwuqk,"18 minutes, 10 seconds"
https://www.youtube.com/watch?v=IBHtG01LmPI,"21 minutes, 17 seconds"
https://www.youtube.com/watch?v=Engi8Zbhn0g,"16 minutes, 6 seconds"
https://www.youtube.com/watch?v=BVAsr0KLdCY,"11 minutes, 53 seconds"
https://www.youtube.com/watch?v=HcTORCmcmO0,"17 minutes, 45 seconds"
https://www.youtube.com/watch?v=W3zzstNaE1E,"6 minutes, 1 second"
https://www.youtube.com/watch?v=TkKLeX-X5t0,"22 minutes, 16 seconds"
https://www.youtube.com/watch?v=Md0-y6HSG7g,"15 minutes, 23 seconds"
https://www.youtube.com/watch?v=vGPtozLVysg,"27 minutes, 7 seconds"
https://www.youtube.com/watch?v=Dfknbu2ai2Y,"13 minutes, 16 seconds"
https://www.youtube.com/watch?v=KDPCPGrqaLY,"18 minutes, 9 seconds"
https://www.youtube.com/watch?v=rMZVvQSISO0,"11 minutes, 27 seconds"
https://www.youtube.com/watch?v=QjkW-QbbE2Y,"16 minutes, 49 seconds"
https://www.youtube.com/watch?v=ufpIUanTSAk,"4 minutes, 8 seconds"
https://www.youtube.com/watch?v=uPmQvcESgFs,"58 minutes, 23 seconds"
https://www.youtube.com/watch?v=F7LG8U1R_uA,"13 minutes, 33 seconds"
https://www.youtube.com/watch?v=BRZQQuXkcmg,"26 minutes, 31 seconds"
https://www.youtube.com/watch?v=LRc6HcyZ9FQ,11 minutes
https://www.youtube.com/watch?v=anfrBNi7LfY,"19 minutes, 33 seconds"
https://www.youtube.com/watch?v=jyd_7kGe8Uk,"21 minutes, 14 seconds"
https://www.youtube.com/watch?v=u-dxmY-y348,"4 minutes, 17 seconds"
https://www.youtube.com/watch?v=ViimFBuqrW8,"13 minutes, 30 seconds"
https://www.youtube.com/watch?v=2GSpOzdEtyk,"11 minutes, 49 seconds"
https://www.youtube.com/watch?v=m1zYhDoxfHk,"11 minutes, 7 seconds"
https://www.youtube.com/watch?v=QLcpiYNjEEw,"14 minutes, 15 seconds"
https://www.youtube.com/watch?v=D3ZVgs4A21g,"22 minutes, 4 seconds"
https://www.youtube.com/watch?v=wsYxGTwYrzg,"7 minutes, 10 seconds"
https://www.youtube.com/watch?v=DbnNEYycB8Y,"7 minutes, 31 seconds"
https://www.youtube.com/watch?v=8oapiT_APUY,"8 minutes, 21 seconds"
https://www.youtube.com/watch?v=GGjgLKxm0t8,51 seconds
https://www.youtube.com/watch?v=96f2UCqqi_g,"13 minutes, 43 seconds"
https://www.youtube.com/watch?v=SeyohfFR9X0,"28 minutes, 1 second"
https://www.youtube.com/watch?v=uUDFSnlZhTc,"13 minutes, 27 seconds"
https://www.youtube.com/watch?v=Th5-P2wHTQU,"10 minutes, 36 seconds"
https://www.youtube.com/watch?v=XmNAbDnV6cM,"11 minutes, 27 seconds"
https://www.youtube.com/watch?v=PB07yh5gqEE,"15 minutes, 48 seconds"
https://www.youtube.com/watch?v=UtFvW9yDysI,"16 minutes, 16 seconds"
https://www.youtube.com/watch?v=7S7Rsqlod_0,"1 hour, 36 minutes, 56 seconds"
https://www.youtube.com/watch?v=QSopSK1Eqnk,"10 minutes, 54 seconds"
https://www.youtube.com/watch?v=fbKjOyVVCoM,"15 minutes, 12 seconds"
https://www.youtube.com/watch?v=2CKNqiF0in0,"13 minutes, 56 seconds"
https://www.youtube.com/watch?v=J4E9pePcXT8,9 minutes
https://www.youtube.com/watch?v=RLnr1qHK1SE,"12 minutes, 47 seconds"
https://www.youtube.com/watch?v=VrpE4ZFkAnE,"17 minutes, 6 seconds"
https://www.youtube.com/watch?v=BX-Mewvapko,"18 minutes, 13 seconds"
https://www.youtube.com/watch?v=mYAKmnjBTJE,"27 minutes, 34 seconds"
https://www.youtube.com/watch?v=S-7GG7rhGmw,"16 minutes, 13 seconds"
https://www.youtube.com/watch?v=vbLCqBULBUY,"8 minutes, 9 seconds"
https://www.youtube.com/watch?v=28c4-H7B9_4,"20 minutes, 1 second"
https://www.youtube.com/watch?v=Fis16Mp-dvw,"21 minutes, 50 seconds"
https://www.youtube.com/watch?v=T6ZviL8hEdc,"4 minutes, 46 seconds"
https://www.youtube.com/watch?v=b-rIRLaW5i8,"14 minutes, 30 seconds"
https://www.youtube.com/watch?v=mUuj5IVERQA,"21 minutes, 12 seconds"
https://www.youtube.com/watch?v=NmlHL1vONBo,"20 minutes, 3 seconds"
https://www.youtube.com/watch?v=NHx9oH_QSW8,"13 minutes, 20 seconds"
https://www.youtube.com/watch?v=eDZ3Dr592-I,"12 minutes, 16 seconds"
https://www.youtube.com/watch?v=2qjJhux1H5k,"19 minutes, 39 seconds"
https://www.youtube.com/watch?v=kgj0HyCMaTw,"10 minutes, 1 second"
https://www.youtube.com/watch?v=pQKtoTzC7-4,"12 minutes, 36 seconds"
https://www.youtube.com/watch?v=l7eZm1p8GQI,"1 minute, 22 seconds"
https://www.youtube.com/watch?v=FwH2QomIkc8,"9 minutes, 19 seconds"
https://www.youtube.com/watch?v=LSd37wgXCQg,"1 hour, 1 minute, 38 seconds"
https://www.youtube.com/watch?v=G-hu50hZv5M,"10 minutes, 29 seconds"
https://www.youtube.com/watch?v=AuAD7cnFEF0,"5 minutes, 18 seconds"
https://www.youtube.com/watch?v=tgYOEFBZzCQ,"6 minutes, 26 seconds"
https://www.youtube.com/watch?v=fNipojyoF4k,"4 minutes, 28 seconds"
https://www.youtube.com/watch?v=YbTEoSm3P6U,"23 minutes, 14 seconds"
https://www.youtube.com/watch?v=RFyq1vG_feE,"11 minutes, 11 seconds"
https://www.youtube.com/watch?v=CoS2bf6o030,"14 minutes, 14 seconds"
https://www.youtube.com/watch?v=s2OxneQvOUQ,"15 minutes, 15 seconds"
https://www.youtube.com/watch?v=lYUX2sUVVbk,"15 minutes, 39 seconds"
https://www.youtube.com/watch?v=ZGXnKJZMh5g,"7 minutes, 34 seconds"
https://www.youtube.com/shorts/Bvg03NJmBp4,Shorts
https://www.youtube.com/watch?v=wO7FlveK3RA,"10 minutes, 8 seconds"
https://www.youtube.com/watch?v=IySsXSVCA4w,"23 minutes, 29 seconds"
https://www.youtube.com/watch?v=EnNXFnk8BFg,"9 minutes, 54 seconds"
https://www.youtube.com/watch?v=D6jdDqBXrMc,"7 minutes, 7 seconds"
https://www.youtube.com/watch?v=M8CLyDxWOq8,"27 minutes, 38 seconds"
https://www.youtube.com/watch?v=Hk-II27GApo,"16 minutes, 2 seconds"
https://www.youtube.com/watch?v=czRB9mkiKes,"1 minute, 2 seconds"
https://www.youtube.com/watch?v=d-j_jZ__VXU,"6 minutes, 31 seconds"
https://www.youtube.com/watch?v=mwjjhE-P1R8,"13 minutes, 34 seconds"
https://www.youtube.com/watch?v=OZkQMP5os2M,"19 minutes, 57 seconds"
https://www.youtube.com/watch?v=kV6J3kQthW8,"25 minutes, 22 seconds"
https://www.youtube.com/watch?v=BOCUSzaa4FM,"45 minutes, 35 seconds"
https://www.youtube.com/watch?v=2cKyXagtFAI,"9 minutes, 12 seconds"
https://www.youtube.com/watch?v=YAlkK90j72Q,"21 minutes, 28 seconds"
https://www.youtube.com/watch?v=FRJXlsQUqUA,"1 minute, 42 seconds"
https://www.youtube.com/watch?v=qMj_76y0kUw,"22 minutes, 22 seconds"
https://www.youtube.com/watch?v=lkZzPZ9XPWs,"30 minutes, 56 seconds"
https://www.youtube.com/watch?v=7E-Z6sE8z6Y,"16 minutes, 36 seconds"
https://www.youtube.com/watch?v=7Sc13EwUt-0,"12 minutes, 15 seconds"
https://www.youtube.com/watch?v=DDmjLMIBSGk,30 minutes
https://www.youtube.com/watch?v=l0Evtho3gkQ,"13 minutes, 1 second"
https://www.youtube.com/watch?v=OJgA9jqwX1c,"11 minutes, 32 seconds"
https://www.youtube.com/watch?v=A3LNiDB-oyc,"18 minutes, 2 seconds"
https://www.youtube.com/watch?v=6TLn7zdl9yQ,"18 minutes, 55 seconds"
https://www.youtube.com/watch?v=pXbCahSLuOg,"4 minutes, 56 seconds"
https://www.youtube.com/watch?v=O1J-wcXoACU,"2 minutes, 34 seconds"
https://www.youtube.com/watch?v=VTQeco2AymM,"5 minutes, 11 seconds"
https://www.youtube.com/watch?v=vXTiGzaD-bs,"14 minutes, 18 seconds"
https://www.youtube.com/watch?v=IUmBtQvlSxs,"17 minutes, 23 seconds"
https://www.youtube.com/watch?v=IkV3B3RVIE8,"18 minutes, 25 seconds"
https://www.youtube.com/watch?v=KwrpNyGhdZs,"14 minutes, 32 seconds"
https://www.youtube.com/watch?v=ICd_dtlhi4Q,"14 minutes, 40 seconds"
https://www.youtube.com/watch?v=25AV9xaOscU,"12 minutes, 35 seconds"
https://www.youtube.com/watch?v=iBQLkK3gN88,"6 minutes, 43 seconds"
https://www.youtube.com/watch?v=g7AgZDq-9sU,"12 minutes, 31 seconds"
https://www.youtube.com/watch?v=mbKiI_x_F4Q,"21 minutes, 5 seconds"
https://www.youtube.com/watch?v=YmIFKKxAqXg,"29 minutes, 40 seconds"
https://www.youtube.com/watch?v=0ux4yVPOhz8,"4 minutes, 53 seconds"
https://www.youtube.com/watch?v=qFOwSJAYlZI,"32 minutes, 2 seconds"
https://www.youtube.com/watch?v=WUI7ef0LefA,"9 minutes, 49 seconds"
https://www.youtube.com/watch?v=SMK53TAArzw,"26 minutes, 46 seconds"
https://www.youtube.com/watch?v=4ZewsgT5Cy0,"15 minutes, 46 seconds"
https://www.youtube.com/watch?v=WjKOlztigDc,"25 minutes, 11 seconds"
https://www.youtube.com/watch?v=DtJB2XZvnz8,"10 minutes, 48 seconds"
https://www.youtube.com/watch?v=_aA-phSjoP4,"11 minutes, 57 seconds"
https://www.youtube.com/watch?v=sgGBBeEf88I,"35 minutes, 29 seconds"
https://www.youtube.com/watch?v=tdamzAwf63w,"4 minutes, 11 seconds"
https://www.youtube.com/watch?v=e7ydiXjYo4o,"15 minutes, 17 seconds"
https://www.youtube.com/shorts/h86cSEl_xUg,Shorts
https://www.youtube.com/watch?v=ZFZ5cREbb7w,"24 minutes, 18 seconds"
https://www.youtube.com/watch?v=z_jth7DE3qQ,"10 minutes, 38 seconds"
https://www.youtube.com/watch?v=ktld68GQx6U,"17 minutes, 50 seconds"
https://www.youtube.com/watch?v=7i-mk9v8Xhw,"18 minutes, 56 seconds"
https://www.youtube.com/watch?v=un_R-aa1ifA,"12 minutes, 47 seconds"
https://www.youtube.com/watch?v=0XR9th3FjzU,"16 minutes, 54 seconds"
https://www.youtube.com/watch?v=MO87Pz8Ws7I,"24 minutes, 44 seconds"
https://www.youtube.com/watch?v=SND2UBFCxRM,"9 minutes, 9 seconds"
https://www.youtube.com/watch?v=ST2vKdP6FJo,15 minutes
https://www.youtube.com/watch?v=dgetQ0ck90Y,"38 minutes, 26 seconds"
https://www.youtube.com/watch?v=2MYs2vHQYHg,"1 minute, 27 seconds"
https://www.youtube.com/watch?v=U_BgNMdYrVc,"17 minutes, 2 seconds"
https://www.youtube.com/watch?v=alhScZiZVq4,"2 minutes, 30 seconds"
https://www.youtube.com/watch?v=H2lxbDrzdBE,"14 minutes, 30 seconds"
https://www.youtube.com/watch?v=R4ED9MxjZkw,"18 minutes, 13 seconds"
https://www.youtube.com/watch?v=tK-h3uZr5K4,"5 hours, 38 minutes, 29 seconds"
https://www.youtube.com/watch?v=BmTRG9pYSmY,"25 minutes, 38 seconds"
https://www.youtube.com/watch?v=BW1kEKZd3U8,"13 minutes, 43 seconds"
https://www.youtube.com/watch?v=4wjCYeD7Nso,"2 minutes, 53 seconds"
https://www.youtube.com/watch?v=bANkpVx5HBg,"19 minutes, 25 seconds"
https://www.youtube.com/watch?v=kdJ9N8x9x74,"15 minutes, 38 seconds"
https://www.youtube.com/watch?v=wWG1aJH48r8,"6 minutes, 30 seconds"
https://www.youtube.com/watch?v=aMvDu_elnlM,"11 minutes, 53 seconds"
https://www.youtube.com/shorts/HUPFHwEeX4U,Shorts
https://www.youtube.com/watch?v=M6VNaEZh1n8,"1 minute, 56 seconds"
https://www.youtube.com/watch?v=DLsbjlwlzX0,"15 minutes, 25 seconds"
https://www.youtube.com/shorts/VHZYSgkwGF8,Shorts
https://www.youtube.com/watch?v=FE5x2L6tJl0,"6 minutes, 15 seconds"
https://www.youtube.com/watch?v=Wjz4YCUJsYc,"2 hours, 40 seconds"
https://www.youtube.com/watch?v=UPqyjWhV3_k,"21 minutes, 49 seconds"
https://www.youtube.com/watch?v=Ht3-IyDh6HE,"5 minutes, 16 seconds"
https://www.youtube.com/watch?v=Z2g0IQ31vrE,"1 minute, 23 seconds"
https://www.youtube.com/shorts/fGpJuHl-r0U,Shorts
https://www.youtube.com/watch?v=3f27r48-P8M,"21 minutes, 20 seconds"
https://www.youtube.com/shorts/HnTAuSbz_Ko,Shorts
https://www.youtube.com/watch?v=Tnq585Cftcg,"2 hours, 33 minutes, 49 seconds"
https://www.youtube.com/watch?v=0H6UQ7Wlhdw,"7 minutes, 47 seconds"
https://www.youtube.com/watch?v=6Zf1MZIUJNc,"2 hours, 2 minutes, 50 seconds"
https://www.youtube.com/watch?v=jL3GgF7WkAE,"30 minutes, 13 seconds"
https://www.youtube.com/watch?v=B4fknjjcGhU,"15 minutes, 49 seconds"
https://www.youtube.com/watch?v=rX_YdTRerI4,56 seconds
https://www.youtube.com/watch?v=9CtZnLliXDY,"13 minutes, 24 seconds"
https://www.youtube.com/watch?v=X-01rY8nChI,"3 minutes, 3 seconds"
https://www.youtube.com/watch?v=MillO9rMxdQ,"10 minutes, 27 seconds"
https://www.youtube.com/watch?v=_jvcbdNWvQ8,"28 minutes, 39 seconds"
https://www.youtube.com/watch?v=t6Z4B7iluuo,"5 minutes, 25 seconds"
https://www.youtube.com/watch?v=oq-CrpXe9rE,"16 minutes, 3 seconds"
https://www.youtube.com/watch?v=D80O3EJx83c,"23 minutes, 48 seconds"
https://www.youtube.com/watch?v=X98TtT9g4G8,"15 minutes, 31 seconds"
https://www.youtube.com/watch?v=Tr8aPzb6oz0,"13 minutes, 49 seconds"
https://www.youtube.com/watch?v=TqcHtWS6RvQ,"2 hours, 21 minutes, 31 seconds"
https://www.youtube.com/shorts/LSjjD6igEQc,Shorts
https://www.youtube.com/watch?v=yoiZ18Zd8Gs,"19 minutes, 6 seconds"
https://www.youtube.com/watch?v=JmvWQFroTOw,"22 minutes, 42 seconds"
https://www.youtube.com/watch?v=RUbC9SxlX2g,"21 minutes, 57 seconds"
https://www.youtube.com/watch?v=bsPPmD4Ho-c,"29 minutes, 21 seconds"
https://www.youtube.com/watch?v=_Xme18SbA7c,"8 minutes, 31 seconds"
https://www.youtube.com/watch?v=Bq1tr4TN7y8,"56 minutes, 59 seconds"
https://www.youtube.com/watch?v=VqRBAMpuFtI,"3 minutes, 8 seconds"
https://www.youtube.com/watch?v=q0L3h4dtGjY,"39 minutes, 2 seconds"
https://www.youtube.com/shorts/uKzfucGLAF0,Shorts
https://www.youtube.com/watch?v=j3bxYoYIXWY,"21 minutes, 41 seconds"
https://www.youtube.com/watch?v=jmGWb1a4NBM,"28 minutes, 42 seconds"
https://www.youtube.com/watch?v=5CfZ6CNoTyc,"23 minutes, 53 seconds"
https://www.youtube.com/watch?v=r3iOg3sebvs,"2 minutes, 42 seconds"
https://www.youtube.com/watch?v=w32zvvAP7-8,"15 minutes, 47 seconds"
https://www.youtube.com/shorts/bBFQdS65pl8,Shorts
https://www.youtube.com/watch?v=6S3bYPhPZc8,"16 minutes, 46 seconds"
https://www.youtube.com/shorts/Cna0z0l0EpE,Shorts
https://www.youtube.com/watch?v=pG1zAJvTwEI,"4 minutes, 48 seconds"
https://www.youtube.com/watch?v=kpmAyTT9pp4,"15 minutes, 42 seconds"
https://www.youtube.com/watch?v=0KTSafEvrdo,"7 minutes, 56 seconds"
https://www.youtube.com/watch?v=qyur-aGHpvA,"5 minutes, 26 seconds"
https://www.youtube.com/watch?v=esi04RqI_W0,"6 hours, 10 minutes, 36 seconds"
https://www.youtube.com/watch?v=33mSQvYM3Yk,"2 hours, 25 minutes, 52 seconds"
https://www.youtube.com/watch?v=TFvOjA3UAz4,"14 minutes, 11 seconds"
https://www.youtube.com/watch?v=rQBa4hKuh7c,"18 minutes, 8 seconds"
https://www.youtube.com/watch?v=KJ3afrjVbto,"23 minutes, 3 seconds"
https://www.youtube.com/shorts/h86cSEl_xUg,Shorts
https://www.youtube.com/shorts/x5R4CuYbon0,Shorts
https://www.youtube.com/watch?v=UEsh-kX0-0A,"8 minutes, 28 seconds"
https://www.youtube.com/watch?v=jwxfFoABvpI,"12 minutes, 35 seconds"
https://www.youtube.com/watch?v=yjEMEHOLhzc,"10 minutes, 51 seconds"
https://www.youtube.com/watch?v=ChvQEVDzYkU,"15 minutes, 50 seconds"
https://www.youtube.com/watch?v=jTFLzbs0HPU,36 seconds
https://www.youtube.com/shorts/YptQ8jQSK9A,Shorts
https://www.youtube.com/watch?v=oxilKJeT3K0,"14 minutes, 55 seconds"
https://www.youtube.com/watch?v=_ABrSUvVQQQ,"8 minutes, 39 seconds"
https://www.youtube.com/shorts/YzZBF3n5EN4,Shorts
https://www.youtube.com/shorts/-WkLVu_y7K4,Shorts
https://www.youtube.com/watch?v=lXeVhXvtWbI,"8 minutes, 56 seconds"
https://www.youtube.com/watch?v=IU4x8JSOfVM,"2 minutes, 9 seconds"
https://www.youtube.com/watch?v=TKWNTYFglkU,"1 minute, 8 seconds"
https://www.youtube.com/watch?v=CQBEVQvPCY4,"11 minutes, 47 seconds"
https://www.youtube.com/shorts/IqXnjuUO5U0,Shorts
https://www.youtube.com/watch?v=p-sVjFTHEhU,"14 minutes, 33 seconds"
https://www.youtube.com/watch?v=bSpRePv97vM,"14 minutes, 27 seconds"
https://www.youtube.com/shorts/re-by9tPd5c,Shorts
https://www.youtube.com/watch?v=fA1FEuv531Q,"2 hours, 4 minutes, 48 seconds"
https://www.youtube.com/shorts/F5mQ7w3s2Qw,Shorts
https://www.youtube.com/watch?v=ZUR7JGvMHBU,52 seconds
https://www.youtube.com/watch?v=KFjbOoiDTcY,"17 minutes, 38 seconds"
https://www.youtube.com/watch?v=LX3ZB9G0x3I,"1 minute, 17 seconds"
https://www.youtube.com/shorts/KkMoajZdZ9U,Shorts
https://www.youtube.com/watch?v=J6D3cgAxbp4,"11 minutes, 22 seconds"
https://www.youtube.com/watch?v=DlzOi2Vb9gw,41 seconds
https://www.youtube.com/watch?v=aav8lbCsUdI,"5 minutes, 31 seconds"
https://www.youtube.com/watch?v=YcLKvBy7fTU,"2 minutes, 36 seconds"
https://www.youtube.com/shorts/WPty-5NiiNM,Shorts
https://www.youtube.com/shorts/15kC4jxY_QA,Shorts
https://www.youtube.com/watch?v=T3_RW4Pm80s,"11 minutes, 6 seconds"
https://www.youtube.com/shorts/vevF81GfBgc,Shorts
https://www.youtube.com/watch?v=18gakzRlUOw,"16 minutes, 32 seconds"
https://www.youtube.com/watch?v=hJU5pvd8Y_Y,47 seconds
https://www.youtube.com/shorts/EYJu6A_uAd4,Shorts
https://www.youtube.com/watch?v=fkkLB-EI8CY,"3 minutes, 34 seconds"
https://www.youtube.com/shorts/07HH-AaYJcQ,Shorts
https://www.youtube.com/watch?v=CaJsgJtBqCM,40 seconds
https://www.youtube.com/watch?v=xCdgQdYuSBE,34 seconds
https://www.youtube.com/shorts/ncqXYPKcFqk,Shorts
https://www.youtube.com/shorts/1BvO-JI4me4,Shorts
https://www.youtube.com/watch?v=-jCl5cz9_GM,"1 minute, 59 seconds"
https://www.youtube.com/watch?v=IieR0Cnxd9w,"1 minute, 51 seconds"
https://www.youtube.com/watch?v=KSEUSB7oMqg,39 seconds
https://www.youtube.com/shorts/3X79-GQ6g5U,Shorts
https://www.youtube.com/watch?v=ldhBoI9fCLg,"30 minutes, 4 seconds"
https://www.youtube.com/watch?v=DAKwAO7QzXQ,"2 hours, 8 minutes, 30 seconds"
https://www.youtube.com/watch?v=hm6bIUYqpW4,"1 minute, 40 seconds"
https://www.youtube.com/watch?v=RFzYs-mCtEw,"10 minutes, 56 seconds"
https://www.youtube.com/watch?v=jT7G62an7xc,37 seconds
https://www.youtube.com/watch?v=oBs4JofmBDk,"1 minute, 23 seconds"
https://www.youtube.com/watch?v=hYu5oSHScig,"4 minutes, 27 seconds"
https://www.youtube.com/watch?v=HXF2ExrsarI,"21 minutes, 57 seconds"
https://www.youtube.com/watch?v=zTZqPenf2Jo,"18 minutes, 48 seconds"
https://www.youtube.com/watch?v=tp3INNpGD9c,"14 minutes, 55 seconds"
https://www.youtube.com/watch?v=doNFEEgpC6E,"13 minutes, 5 seconds"
https://www.youtube.com/watch?v=DTIxeLShVMg,"20 minutes, 35 seconds"
https://www.youtube.com/watch?v=v2QkEFaMvyk,"1 minute, 30 seconds"
https://www.youtube.com/watch?v=eWIbv7rH0z0,"19 minutes, 45 seconds"
https://www.youtube.com/shorts/JZ59FEwVN-M,Shorts
https://www.youtube.com/watch?v=1fyQ2emhGfI,"20 minutes, 2 seconds"
https://www.youtube.com/watch?v=kRcyJfpWRdk,"11 minutes, 46 seconds"
https://www.youtube.com/watch?v=USCQWfNzlKI,"5 minutes, 55 seconds"
https://www.youtube.com/watch?v=R-rJ0wYEjU8,"15 minutes, 35 seconds"
https://www.youtube.com/watch?v=OCOyTbyXBYw,"15 minutes, 43 seconds"
https://www.youtube.com/watch?v=1sDqOdD9ZLI,"19 minutes, 8 seconds"
https://www.youtube.com/watch?v=8G4JzbCtcHQ,"8 minutes, 24 seconds"
https://www.youtube.com/watch?v=oB8URRStRBw,"15 minutes, 48 seconds"
https://www.youtube.com/watch?v=kNOBiFoFF_o,"18 minutes, 14 seconds"
https://www.youtube.com/watch?v=Fj4cUhFC0S4,"15 minutes, 16 seconds"
https://www.youtube.com/watch?v=kcySXUIwHTw,"11 minutes, 43 seconds"
https://www.youtube.com/watch?v=kX34kem5fB4,"15 minutes, 2 seconds"
https://www.youtube.com/watch?v=VvplpHeHrPA,"46 minutes, 34 seconds"
https://www.youtube.com/watch?v=olPIYYMfL-c,"3 minutes, 58 seconds"
https://www.youtube.com/watch?v=7pitYY3dh-g,"5 minutes, 46 seconds"
https://www.youtube.com/watch?v=5fvgmPl5NhA,"19 minutes, 12 seconds"
https://www.youtube.com/watch?v=7s_9A4aO0rg,"33 minutes, 54 seconds"
https://www.youtube.com/watch?v=ysNF-p5OXXI,"3 minutes, 45 seconds"
https://www.youtube.com/watch?v=EpeqbPueo2E,"1 hour, 8 minutes, 53 seconds"
https://www.youtube.com/watch?v=9cT6qrSwTQQ,"18 minutes, 21 seconds"
https://www.youtube.com/watch?v=cgbDpakHt5U,"7 minutes, 52 seconds"
https://www.youtube.com/watch?v=ES41G4EfKJk,"1 hour, 30 minutes, 10 seconds"
https://www.youtube.com/watch?v=Z4PcK_UA-pU,"47 minutes, 40 seconds"
https://www.youtube.com/watch?v=Ab1-hpgt-vM,"3 minutes, 56 seconds"
https://www.youtube.com/watch?v=x9Df9FB8rAc,"4 minutes, 37 seconds"
https://www.youtube.com/watch?v=JD_8sNkb2sc,"29 minutes, 23 seconds"
https://www.youtube.com/watch?v=jB0tFDK3ewQ,"22 minutes, 1 second"
https://www.youtube.com/watch?v=IgUk8QmvaJs,"12 minutes, 16 seconds"
https://www.youtube.com/watch?v=vhn7HTs4wXw,"1 minute, 58 seconds"
https://www.youtube.com/watch?v=UFAtMtJKopk,"19 minutes, 17 seconds"
https://www.youtube.com/watch?v=LJrn5WLdka4,"8 minutes, 2 seconds"
https://www.youtube.com/watch?v=dGtIHaOZgRQ,"7 minutes, 35 seconds"
https://www.youtube.com/watch?v=7R-goPW_7cw,"9 minutes, 21 seconds"
https://www.youtube.com/watch?v=WmHiR411GCA,"4 minutes, 54 seconds"
https://www.youtube.com/watch?v=GCW98bmpL6U,"4 minutes, 34 seconds"
https://www.youtube.com/watch?v=Et8ERR1QkRQ,"21 minutes, 19 seconds"
https://www.youtube.com/watch?v=QQif_gCZzn0,"4 minutes, 15 seconds"
https://www.youtube.com/watch?v=Rz8BrLPHeW4,"1 minute, 59 seconds"
